{
  "bg": 96, 
  "temp": "absolute", 
  "snoozeBG": 107, 
  "recieved": true, 
  "predBGs": {
    "IOB": [
      96, 
      95, 
      95, 
      95, 
      95, 
      95, 
      96, 
      96, 
      97, 
      98, 
      99, 
      100, 
      102, 
      103, 
      104, 
      105, 
      106, 
      107, 
      108, 
      109, 
      109, 
      110, 
      110, 
      111, 
      111, 
      111, 
      112, 
      112, 
      112, 
      112, 
      112, 
      112, 
      113
    ]
  }, 
  "reason": "COB: 0, Dev: -9, BGI: 0.86, ISF: 90, Target: 110; Eventual BG 107 < 110, 30m@-0.600 = -0.300 < req -0.06666666666666667-0.18", 
  "rate": 0.45, 
  "COB": 0, 
  "eventualBG": 107, 
  "timestamp": "2016-11-05T02:18:10.122882", 
  "duration": 30, 
  "tick": "+5", 
  "IOB": -0.218
}