{
  "bg": 86, 
  "temp": "absolute", 
  "snoozeBG": 110, 
  "recieved": true, 
  "predBGs": {
    "IOB": [
      86, 
      85, 
      85, 
      84, 
      85, 
      85, 
      86, 
      87, 
      89, 
      91, 
      93, 
      95, 
      97, 
      100, 
      102, 
      105, 
      107, 
      110, 
      112, 
      114, 
      116, 
      118, 
      120, 
      121, 
      123, 
      124, 
      125, 
      126, 
      127, 
      128, 
      128, 
      129, 
      129, 
      130, 
      130, 
      130, 
      130, 
      131
    ]
  }, 
  "reason": "COB: 0, Dev: -12, BGI: 0.91, ISF: 91, Target: 111; Eventual BG 110 < 111, 27m@-0.500 = -0.225 < req -0.022002200220022-0.15", 
  "rate": 0.45, 
  "COB": 0, 
  "eventualBG": 110, 
  "timestamp": "2016-10-30T04:36:45.562366", 
  "duration": 30, 
  "tick": "+5", 
  "IOB": -0.403
}