{
  "bg": 112, 
  "temp": "absolute", 
  "snoozeBG": 112, 
  "recieved": true, 
  "predBGs": {
    "IOB": [
      112, 
      110, 
      109, 
      107, 
      106, 
      105, 
      105, 
      104, 
      104, 
      104, 
      105, 
      106, 
      107, 
      108, 
      109, 
      111, 
      112, 
      114, 
      116, 
      117, 
      119, 
      121, 
      122, 
      124, 
      125, 
      126, 
      128, 
      129, 
      129, 
      130, 
      131, 
      132, 
      132, 
      133, 
      133, 
      133, 
      134
    ]
  }, 
  "reason": "COB: 0, Dev: -13, BGI: 0.15, ISF: 99, Target: 115; Eventual BG 112 < 115, 29m@-0.450 = -0.217 < req -0.06066734074823053-0.135", 
  "rate": 0.325, 
  "COB": 0, 
  "eventualBG": 112, 
  "timestamp": "2016-10-31T06:43:38.754505", 
  "duration": 30, 
  "tick": "+1", 
  "IOB": -0.139
}