{
  "bg": 122, 
  "temp": "absolute", 
  "snoozeBG": 109, 
  "recieved": true, 
  "predBGs": {
    "IOB": [
      122, 
      118, 
      114, 
      111, 
      108, 
      105, 
      103, 
      101, 
      100, 
      99, 
      98, 
      98, 
      99, 
      100, 
      101, 
      102, 
      104, 
      105, 
      107, 
      109, 
      111, 
      113, 
      115, 
      117, 
      118, 
      120, 
      122, 
      123, 
      124, 
      125, 
      126, 
      127, 
      128, 
      128, 
      129
    ]
  }, 
  "reason": "COB: 0, Dev: -4, BGI: -3.44, ISF: 80, Target: 110; Eventual BG 109 < 110, 23m@-0.825 = -0.316 < req -0.025-0.24749999999999997", 
  "rate": 0.775, 
  "COB": 0, 
  "eventualBG": 109, 
  "timestamp": "2016-11-09T00:54:42.539928", 
  "duration": 30, 
  "tick": -2, 
  "IOB": 0.117
}