{
  "bg": 118, 
  "temp": "absolute", 
  "snoozeBG": 97, 
  "recieved": true, 
  "predBGs": {
    "IOB": [
      118, 
      114, 
      111, 
      108, 
      105, 
      103, 
      101, 
      100, 
      99, 
      98, 
      97, 
      97, 
      97, 
      98, 
      98, 
      99, 
      99, 
      100, 
      101, 
      101, 
      102, 
      103, 
      104, 
      104, 
      105, 
      106, 
      107, 
      107, 
      108, 
      108, 
      109, 
      109, 
      109, 
      109, 
      110
    ]
  }, 
  "reason": "COB: 0, Dev: -15, BGI: -1.16, ISF: 70, Target: 99; Eventual BG 97 < 99, 24m@-0.650 = -0.260 < req -0.05689900426742532-0.195", 
  "rate": 0.525, 
  "COB": 0, 
  "eventualBG": 97, 
  "timestamp": "2016-10-18T06:10:51.902198", 
  "duration": 30, 
  "tick": -3, 
  "IOB": 0.092
}