{
  "bg": 121, 
  "temp": "absolute", 
  "snoozeBG": 109, 
  "recieved": true, 
  "predBGs": {
    "IOB": [
      121, 
      120, 
      119, 
      119, 
      118, 
      118, 
      117, 
      117, 
      117, 
      117, 
      117, 
      117, 
      117, 
      118, 
      118, 
      119, 
      119, 
      120, 
      121, 
      121, 
      122, 
      122, 
      123, 
      123, 
      124, 
      124, 
      125, 
      125, 
      126, 
      126, 
      127, 
      127, 
      127, 
      128, 
      128, 
      128, 
      129
    ]
  }, 
  "reason": "COB: 0, Dev: -11, BGI: 0.8, ISF: 94, Target: 112; Eventual BG 109 < 112, 28m@-0.475 = -0.222 < req -0.06396588486140725-0.1425", 
  "rate": 0.325, 
  "COB": 0, 
  "eventualBG": 109, 
  "timestamp": "2016-10-31T05:55:21.793616", 
  "duration": 30, 
  "tick": -1, 
  "IOB": 0.014
}