{
  "bg": 151, 
  "temp": "absolute", 
  "snoozeBG": 111, 
  "recieved": true, 
  "predBGs": {
    "IOB": [
      151, 
      149, 
      146, 
      144, 
      142, 
      139, 
      137, 
      134, 
      132, 
      130, 
      129, 
      127, 
      126, 
      125, 
      125, 
      124, 
      124, 
      124, 
      124, 
      125, 
      125, 
      126, 
      126, 
      127, 
      127, 
      128, 
      128, 
      129, 
      130, 
      130, 
      131, 
      131, 
      132, 
      132, 
      133
    ]
  }, 
  "reason": "COB: 0, Dev: -4, BGI: -1.59, ISF: 94, Target: 112; Eventual BG 111 < 112, 26m@-0.575 = -0.249 < req -0.021321961620469083-0.1725", 
  "rate": 0.525, 
  "COB": 0, 
  "eventualBG": 111, 
  "timestamp": "2016-11-01T02:33:24.533879", 
  "duration": 30, 
  "tick": -1, 
  "IOB": 0.381
}